{
  "2024-10-09 02:00": {
    "LTVL": 466696.871167,
    "TVL": 349916.760969,
    "APR": 35.273860491681646,
    "SHARES": 334644.88347,
    "PPS": 1.0456360705134435,
    "APY": 85.05005319296431
  }
}
