{
  "2024-10-09 04:04": {
    "LTVL": 465387.755543,
    "TVL": 349830.18123,
    "SHARES": 334644.88347,
    "PPS": 1.045377349274074,
    "APY": 88.69674422053843
  }
}